RunNo,filenum,Angle,Distance,Duty,LED,TriFre,TriCh01Am,TriCh01Bias,TriCh02Am,TriCh02Bias,DAQA1,DAQA3,light,date,quality,Concentrator,attenuator
0,20,90,1,5.0%,415,100k,10.00,3.00,6.00,3.00,1051,9140,-
1,20,90,1,0.1%,415,100k,10.00,3.00,6.00,3.00,1051,9140,-
2,20,90,1,0.3%,415,100k,10.00,3.00,6.00,3.00,1015,9140,-
3,20,45,1,0.3%,415,100k,10.00,3.00,6.00,3.00,1015,9140,on
4,20,45,1,0.3%,415,100k,10.00,3.00,6.00,3.00,1015,9140,off
5,20,45,1,0.3%,415,100k,10.00,3.00,6.00,3.00,1015,9140,-
6,20,45,1,0.3%,415,100k,10.00,3.00,6.00,3.00,1015,9140,-
7,20,45,1,0.3%,415,100k,10.00,3.00,6.00,3.00,1015,9140,-
8,20,45,1,0.3%,415,100k,10.00,3.00,6.00,3.00,1015,9140,-
9,20,-,1,0.3%,415,100k,10.00,3.00,6.00,3.00,1015,9140,on
10,20,-,1,0.3%,415,100k,10.00,3.00,6.00,3.00,1015,9140,off
11,20,-,1,0.3%,415,100k,10.00,3.00,6.00,3.00,1015,9140,off
12,20,-,1,0.3%,415,100k,10.00,3.00,6.00,3.00,1015,9140,off
13,20,-,1,0.3%,415,100k,10.00,3.00,6.00,3.00,1015,9140,on
14,20,-,1,0.3%,415,100k,10.00,3.00,6.00,3.00,1015,9140,on
15,20,-,1,0.3%,415,100k,10.00,3.00,6.00,3.00,1015,9140,on
16,20,-,1,0.3%,415,100k,10.00,3.00,6.00,3.00,1015,9140,on
17,20,-,1,0.3%,415,100k,10.00,3.00,6.00,3.00,1015,9140,on
18,20,-,1,0.3%,415,100k,10.00,3.00,6.00,3.00,1015,9140,on
19,20,-,1,0.3%,415,100k,10.00,3.00,6.00,3.00,1015,9140,on
20,20,-,1,0.3%,415,100k,10.00,3.00,6.00,3.00,1015,9140,off
21,20,-,1,0.3%,415,100k,10.00,3.00,6.00,3.00,1015,9140,off
22,20,-,1,0.3%,415,100k,10.00,3.00,6.00,3.00,1015,9140,off
23,20,-,1,0.3%,415,100k,10.00,3.00,6.00,3.00,1015,9140,off
24,20,-,1,0.3%,415,100k,10.00,3.00,6.00,3.00,1015,9140,off
25,20,-,1,0.3%,---,100k,10.00,3.00,6.00,3.00,1015,9140,off
26,20,-,1,0.3%,---,100k,10.00,3.00,6.00,3.00,1015,9140,off
27,20,-,1,0.3%,415,100k,10.00,3.00,6.00,3.00,1015,9140,off
28,20,-,1,0.3%,415,100k,10.00,3.00,6.00,3.00,1015,9140,off
29,20,-,1,0.3%,415,100k,10.00,3.00,6.00,3.00,1015,9140,on
30,20,-,1,0.3%,---,100k,10.00,3.00,6.00,3.00,1015,9140,on
31,20,-,1,0.3%,---,100k,10.00,3.00,6.00,3.00,1015,9140,on
32,20,-,1,0.3%,415,100k,10.00,3.00,6.00,3.00,1015,9140,on
33,20,-,1,0.3%,415,100k,10.00,3.00,6.00,3.00,1015,9140,on
34,20,0,1,0.3%,415,100k,10.00,3.00,6.00,3.00,1015,9140,off
35,20,0,1,0.3%,415,100k,10.00,3.00,6.00,3.00,1015,9140,on
36,20,0,1,0.3%,415,100k,10.00,3.00,6.00,3.00,1015,9140,on,2024-11-19 9:14:00,1
37,20,0,1,0.3%,415,100k,10.00,3.00,6.00,3.00,1015,9140,on,2024-11-19 9:22:00,1
38,20,5,1,0.3%,415,100k,10.00,3.00,6.00,3.00,1015,9140,off,2024-11-19 9:32:00,0
39,20,5,1,0.3%,415,100k,10.00,3.00,6.00,3.00,1015,9140,off,2024-11-19 9:38:00,1
40,20,10,1,0.3%,415,100k,10.00,3.00,6.00,3.00,1015,9140,off,2024-11-19 9:55:00,1
41,20,15,1,0.3%,415,100k,10.00,3.00,6.00,3.00,1015,9140,off,2024-11-19 10:09:00,1
42,20,20,1,0.3%,415,100k,10.00,3.00,6.00,3.00,1015,9140,off,2024-11-19 10:23:00,1
43,20,25,1,0.3%,415,100k,10.00,3.00,6.00,3.00,1015,9140,off,2024-11-19 10:39:00,1
44,20,30,1,0.3%,415,100k,10.00,3.00,6.00,3.00,1015,9140,off,2024-11-19 10:54:00,1
45,20,35,1,0.3%,415,100k,10.00,3.00,6.00,3.00,1015,9140,off,2024-11-19 11:12:00,1
46,20,40,1,0.3%,415,100k,10.00,3.00,6.00,3.00,1015,9140,off,2024-11-19 12:40:00,1
47,20,45,1,0.3%,415,100k,10.00,3.00,6.00,3.00,1015,9140,off,2024-11-19 12:57:00,1
48,20,50,1,0.3%,415,100k,10.00,3.00,6.00,3.00,1015,9140,off,2024-11-19 13:15:00,1
49,20,50,1,0.3%,415,100k,10.00,3.00,6.00,3.00,1015,9140,off,2024-11-19 13:20:00,1
50,20,55,1,0.3%,415,100k,10.00,3.00,6.00,3.00,1015,9140,off,2024-11-19 13:36:00,1
51,20,60,1,0.3%,415,100k,10.00,3.00,6.00,3.00,1015,9140,off,2024-11-19 13:52:00,1
52,20,65,1,0.3%,415,100k,10.00,3.00,6.00,3.00,1015,9140,off,2024-11-19 14:08:00,1
53,20,65,1,0.3%,415,100k,10.00,3.00,6.00,3.00,1015,9140,off,2024-11-19 14:12:00,1
54,20,70,1,0.3%,415,100k,10.00,3.00,6.00,3.00,1015,9140,off,2024-11-19 14:29:00,1
55,20,75,1,0.3%,415,100k,10.00,3.00,6.00,3.00,1015,9140,off,2024-11-19 14:45:00,1
56,20,80,1,0.3%,415,100k,10.00,3.00,6.00,3.00,1015,9140,off,2024-11-19 15:02:00,1
57,20,85,1,0.3%,415,100k,10.00,3.00,6.00,3.00,1015,9140,off,2024-11-19 15:18:00,1
58,20,90,1,0.3%,415,100k,10.00,3.00,6.00,3.00,1015,9140,off,2024-11-19 15:33:00,1
59,20,90,1,0.3%,---,100k,10.00,3.00,6.00,3.00,1015,9140,off,2024-11-19 15:38:00,1
60,20,90,1,2.0%,465,100k,10.00,3.00,6.00,3.00,1015,9140,on,2024-11-19 15:56:00,1
61,20,90,1,2.0%,465,100k,10.00,3.00,6.00,3.00,1015,9140,off,2024-11-19 16:02:00,1
62,20,90,1,1.8%,465,100k,10.00,3.00,6.00,3.00,1015,9140,off,2024-11-19 16:12:00,1
63,20,90,1,1.0%,465,100k,10.00,3.00,6.00,3.00,1015,9140,off,2024-11-19 16:21:00,0
64,20,0,1,2.0%,465,100k,10.00,3.00,6.00,3.00,1015,9140,off,2024-11-19 16:30:00,0
65,20,0,1,2.0%,---,100k,10.00,3.00,6.00,3.00,1015,9140,off,2024-11-19 16:52:00,0
66,20,0,1,2.0%,---,100k,10.00,3.00,6.00,3.00,1015,9140,off,2024-11-19 17:13:00,0
67,20,0,1,2.0%,465,100k,10.00,3.00,6.00,3.00,1015,9140,off,2024-11-20 09:20:00,1
68,20,5,1,2.0%,465,100k,10.00,3.00,6.00,3.00,1015,9140,off,2024-11-20 09:30:00,1
69,20,5,1,2.0%,465,100k,10.00,3.00,6.00,3.00,1015,9140,off,2024-11-20 09:35:00,1
70,20,10,1,2.0%,465,100k,10.00,3.00,6.00,3.00,1015,9140,off,2024-11-20 09:49:00,1
71,20,15,1,2.0%,465,100k,10.00,3.00,6.00,3.00,1015,9140,off,2024-11-20 10:05:00,1
72,20,20,1,2.0%,465,100k,10.00,3.00,6.00,3.00,1015,9140,off,2024-11-20 10:19:00,1
73,20,25,1,2.0%,465,100k,10.00,3.00,6.00,3.00,1015,9140,off,2024-11-20 10:34:00,1
74,20,30,1,2.0%,465,100k,10.00,3.00,6.00,3.00,1015,9140,off,2024-11-20 10:50:00,1
75,20,35,1,2.0%,465,100k,10.00,3.00,6.00,3.00,1015,9140,off,2024-11-20 11:04:00,1
76,20,35,1,2.0%,465,100k,10.00,3.00,6.00,3.00,1015,9140,off,2024-11-20 11:09:00,1
77,20,40,1,2.0%,465,100k,10.00,3.00,6.00,3.00,1015,9140,off,2024-11-20 14:43:00,1
78,20,45,1,2.0%,465,100k,10.00,3.00,6.00,3.00,1015,9140,off,2024-11-20 14:58:00,1
79,20,50,1,2.0%,465,100k,10.00,3.00,6.00,3.00,1015,9140,off,2024-11-20 15:12:00,?
80,20,50,1,2.0%,465,100k,10.00,3.00,6.00,3.00,1015,9140,off,2024-11-20 15:18:00,?
81,20,50,1,2.0%,465,100k,10.00,3.00,6.00,3.00,1015,9140,off,2024-11-20 15:30:00,?
82,20,55,1,2.0%,465,100k,10.00,3.00,6.00,3.00,1015,9140,off,2024-11-20 16:05:00,1
83,20,60,1,2.0%,465,100k,10.00,3.00,6.00,3.00,1015,9140,off,2024-11-20 16:21:00,1
84,20,65,1,2.0%,465,100k,10.00,3.00,6.00,3.00,1015,9140,off,2024-11-20 16:35:00,1
85,20,70,1,2.0%,465,100k,10.00,3.00,6.00,3.00,1015,9140,off,2024-11-20 16:50:00,1
86,20,75,1,2.0%,465,100k,10.00,3.00,6.00,3.00,1015,9140,off,2024-11-20 17:03:00,1
87,20,75,1,2.0%,465,100k,10.00,3.00,6.00,3.00,1015,9140,on,2024-11-21 09:17:00,0
88,20,75,1,2.0%,465,100k,10.00,3.00,6.00,3.00,1015,9140,on,2024-11-21 09:25:00,1
89,20,80,1,2.0%,465,100k,10.00,3.00,6.00,3.00,1015,9140,off,2024-11-21 09:39:00,1
90,20,85,1,2.0%,465,100k,10.00,3.00,6.00,3.00,1015,9140,off,2024-11-21 09:53:00,1
91,20,90,1,2.0%,465,100k,10.00,3.00,6.00,3.00,1015,9140,off,2024-11-21 10:07:00,1
92,20,50,1,2.0%,465,100k,10.00,3.00,6.00,3.00,1015,9140,off,2024-11-21 10:21:00,1
93,20,50,1,2.0%,480,100k,10.00,3.00,6.00,3.00,1015,9140,off,2024-11-21 10:38:00,1
94,20,0,1,2.0%,480,100k,10.00,3.00,6.00,3.00,1015,9140,off,2024-11-21 10:54:00,1
95,20,0,1,2.0%,480,100k,10.00,3.00,6.00,3.00,1015,9140,off,2024-11-21 11:00:00,1
96,20,5,1,2.0%,480,100k,10.00,3.00,6.00,3.00,1015,9140,off,2024-11-21 12:51:00,1
97,20,5,1,2.0%,480,100k,10.00,3.00,6.00,3.00,1015,9140,off,2024-11-21 12:57:00,1
98,20,0,1,2.0%,480,100k,10.00,3.00,6.00,3.00,1015,9140,off,2024-11-21 13:11:00,1
99,20,10,1,2.0%,480,100k,10.00,3.00,6.00,3.00,1015,9140,off,2024-11-21 13:35:00,1
100,20,15,1,2.0%,480,100k,10.00,3.00,6.00,3.00,1015,9140,off,2024-11-21 13:49:00,1
101,20,20,1,2.0%,480,100k,10.00,3.00,6.00,3.00,1015,9140,off,2024-11-21 14:04:00,1
102,20,25,1,2.0%,480,100k,10.00,3.00,6.00,3.00,1015,9140,off,2024-11-21 14:20:00,1
103,20,30,1,2.0%,480,100k,10.00,3.00,6.00,3.00,1015,9140,off,2024-11-21 14:34:00,1
104,20,35,1,2.0%,480,100k,10.00,3.00,6.00,3.00,1015,9140,off,2024-11-21 14:48:00,1
105,20,40,1,2.0%,480,100k,10.00,3.00,6.00,3.00,1015,9140,off,2024-11-21 15:03:00,1
105,20,45,1,2.0%,480,100k,10.00,3.00,6.00,3.00,1015,9140,off,2024-11-21 15:20:00,1
106,20,50,1,2.0%,480,100k,10.00,3.00,6.00,3.00,1015,9140,off,2024-11-21 15:34:00,1
107,20,55,1,2.0%,480,100k,10.00,3.00,6.00,3.00,1015,9140,off,2024-11-21 15:48:00,1
108,20,60,1,2.0%,480,100k,10.00,3.00,6.00,3.00,1015,9140,off,2024-11-21 16:05:00,1
109,20,65,1,2.0%,480,100k,10.00,3.00,6.00,3.00,1015,9140,off,2024-11-21 16:20:00,1
110,20,70,1,2.0%,480,100k,10.00,3.00,6.00,3.00,1015,9140,off,2024-11-21 16:36:00,1
111,20,75,1,2.0%,480,100k,10.00,3.00,6.00,3.00,1015,9140,off,2024-11-21 16:50:00,1
112,20,80,1,2.0%,480,100k,10.00,3.00,6.00,3.00,1015,9140,off,2024-11-22 09:37:00,1
113,20,85,1,2.0%,480,100k,10.00,3.00,6.00,3.00,1015,9140,off,2024-11-22 09:51:00,1
114,20,90,1,2.0%,480,100k,10.00,3.00,6.00,3.00,1015,9140,off,2024-11-22 10:06:00,1
115,20,40,1,2.0%,480,100k,10.00,3.00,6.00,3.00,1015,9140,off,2024-11-22 10:20:00,1
116,20,40,1,2.0%,---,100k,10.00,3.00,6.00,3.00,1015,9140,off,2024-11-22 10:27:00,1
117,20,40,1,2.0%,---,100k,10.00,3.00,6.00,3.00,1015,9140,off,2024-11-22 10:35:00,1
118,20,40,1,2.0%,365,100k,10.00,3.00,6.00,3.00,1015,9140,off,2024-11-22 10:40:00,0
118,20,40,1,3.0%,365,100k,10.00,3.00,6.00,3.00,1015,9140,on,2024-11-22 10:57:00,0
119,20,40,1,3.0%,365,100k,10.00,3.00,6.00,3.00,1015,9140,on,2024-11-22 11:07:00,0
120,20,40,1,5.0%,365,100k,10.00,3.00,6.00,3.00,1015,9140,on,2024-11-22 12:31:00,0
121,20,40,1,4.0%,365,100k,10.00,3.00,6.00,3.00,1015,9140,on,2024-11-22 12:35:00,0
122,20,40,1,3.5%,365,100k,10.00,3.00,6.00,3.00,1015,9140,on,2024-11-22 12:42:00,1
123,20,0,1,3.5%,365,100k,10.00,3.00,6.00,3.00,1015,9140,off,2024-11-22 13:01:00,1
124,20,0,1,3.5%,365,100k,10.00,3.00,6.00,3.00,1015,9140,off,2024-11-22 13:06:00,1
125,20,5,1,3.5%,365,100k,10.00,3.00,6.00,3.00,1015,9140,off,2024-11-22 13:19:00,1
126,20,10,1,3.5%,365,100k,10.00,3.00,6.00,3.00,1015,9140,off,2024-11-22 13:35:00,1
127,20,15,1,3.5%,365,100k,10.00,3.00,6.00,3.00,1015,9140,off,2024-11-22 13:49:00,1
128,20,20,1,3.5%,365,100k,10.00,3.00,6.00,3.00,1015,9140,off,2024-11-22 14:04:00,1
129,20,25,1,3.5%,365,100k,10.00,3.00,6.00,3.00,1015,9140,off,2024-11-22 14:18:00,1
130,20,30,1,3.5%,365,100k,10.00,3.00,6.00,3.00,1015,9140,off,2024-11-22 14:31:00,1
131,20,35,1,3.5%,365,100k,10.00,3.00,6.00,3.00,1015,9140,off,2024-11-22 14:45:00,1
132,20,40,1,3.5%,365,100k,10.00,3.00,6.00,3.00,1015,9140,off,2024-11-22 14:58:00,1
133,20,45,1,3.5%,365,100k,10.00,3.00,6.00,3.00,1015,9140,off,2024-11-22 15:12:00,1
134,20,50,1,3.5%,365,100k,10.00,3.00,6.00,3.00,1015,9140,off,2024-11-22 15:25:00,1
135,20,55,1,3.5%,365,100k,10.00,3.00,6.00,3.00,1015,9140,off,2024-11-22 15:38:00,1
136,20,60,1,3.5%,365,100k,10.00,3.00,6.00,3.00,1015,9140,off,2024-11-22 15:52:00,1
137,20,65,1,3.5%,365,100k,10.00,3.00,6.00,3.00,1015,9140,off,2024-11-22 16:06:00,1
138,20,70,1,3.5%,365,100k,10.00,3.00,6.00,3.00,1015,9140,off,2024-11-22 16:19:00,1
139,20,75,1,3.5%,365,100k,10.00,3.00,6.00,3.00,1015,9140,off,2024-11-22 16:33:00,1
140,20,80,1,3.5%,365,100k,10.00,3.00,6.00,3.00,1015,9140,off,2024-11-22 16:45:00,1
141,20,85,1,3.5%,365,100k,10.00,3.00,6.00,3.00,1015,9140,off,2024-11-22 16:58:00,1
142,20,85,1,3.5%,365,100k,10.00,3.00,6.00,3.00,1015,9140,off,2024-11-23 09:08:00,1
143,20,90,1,3.5%,365,100k,10.00,3.00,6.00,3.00,1015,9140,off,2024-11-23 09:22:00,1
144,20,0,1,3.5%,365,100k,10.00,3.00,6.00,3.00,1015,9140,on,2024-11-23 10:39:00,0,0
145,20,0,1,3.5%,365,100k,10.00,3.00,6.00,3.00,1015,9140,on,2024-11-23 10:47:00,0,0
146,20,0,1,3.5%,365,100k,10.00,3.00,6.00,3.00,1015,9140,on,2024-11-23 10:55:00,0,0
147,20,0,1,3.5%,365,100k,10.00,3.00,6.00,3.00,1015,9140,on,2024-11-24 15:09:00,0,0
148,20,0,1,3.5%,365,100k,10.00,3.00,6.00,3.00,1015,9140,on,2024-11-24 15:16:00,1,0
149,20,0,1,---%,---,100k,10.00,3.00,6.00,3.00,1015,9140,on,2024-11-24 15:40:00,0,0
150,20,0,1,2.0%,415,100k,10.00,3.00,6.00,3.00,1015,9140,on,2024-11-24 15:44:00,0,0
151,20,0,1,0.3%,415,100k,10.00,3.00,6.00,3.00,1015,9140,on,2024-11-24 15:51:00,0,0
152,20,0,1,0.3%,415,100k,10.00,3.00,6.00,3.00,1015,9140,on,2024-11-24 15:59:00,0,0
153,20,0,1,0.3%,415,100k,10.00,3.00,6.00,3.00,1015,9140,on,2024-11-24 16:12:00,0,0
154,20,0,1,0.2%,415,100k,10.00,3.00,6.00,3.00,1015,9140,on,2024-11-24 16:30:00,0,0
155,20,0,1,0.2%,415,100k,10.00,3.00,6.00,3.00,1015,9140,on,2024-11-24 16:54:00,0,1
156,20,0,1,0.2%,415,100k,10.00,3.00,6.00,3.00,1015,9140,on,2024-11-24 17:00:00,0,1
157,20,0,1,0.2%,415,100k,10.00,3.00,6.00,3.00,1015,9140,on,2024-11-24 17:12:00,0,1
158,20,0,1,0.2%,415,100k,10.00,3.00,6.00,3.00,1015,9140,on,2024-11-25 09:20:00,1,1
159,20,0,1,0.3%,415,100k,10.00,3.00,6.00,3.00,1015,9140,on,2024-11-25 10:05:00,1,1
160,20,0,1,0.2%,415,100k,10.00,3.00,6.00,3.00,1015,9140,on,2024-11-25 10:15:00,1,1
161,20,0,1,0.1%,415,100k,10.00,3.00,6.00,3.00,1015,9140,on,2024-11-25 10:32:00,1,1
162,20,0,1,0.1%,415,100k,10.00,3.00,6.00,3.00,1015,9140,on,2024-11-25 10:32:00,0,1,1
163,20,0,1,0.2%,415,100k,10.00,3.00,6.00,3.00,1015,9140,on,2024-11-25 10:48:00,0,1,1
161,20,0,1,0.1%,415,100k,10.00,3.00,6.00,3.00,1015,9140,on,2024-11-25 10:32:00,1,1,0,modified code
160,20,0,1,0.2%,415,100k,10.00,3.00,6.00,3.00,1015,9140,on,2024-11-25 10:15:00,1,1,0,modified code
159,20,0,1,0.3%,415,100k,10.00,3.00,6.00,3.00,1015,9140,on,2024-11-25 10:05:00,1,1,0,modified code
164,20,0,1,0.5%,465,100k,10.00,3.00,6.00,3.00,1015,9140,on,2024-11-25 14:01:00,0,1,1,modified code
165,20,0,1,0.6%,465,100k,10.00,3.00,6.00,3.00,1015,9140,on,2024-11-25 14:09:00,0,1,1,modified code
166,20,0,1,1.0%,465,100k,10.00,3.00,6.00,3.00,1015,9140,on,2024-11-25 14:14:00,1,1,1,modified code
167,20,0,1,1.0%,480,100k,10.00,3.00,6.00,3.00,1015,9140,on,2024-11-25 14:24:00,0,1,1,modified code
153,20,0,1,0.3%,415,100k,10.00,3.00,6.00,3.00,1015,9140,on,2024-11-24 16:12:00,0,0,0,modified code
154,20,0,1,0.2%,415,100k,10.00,3.00,6.00,3.00,1015,9140,on,2024-11-24 16:30:00,0,0,0,modified code
168,20,0,1,0.2%,415,100k,10.00,3.00,6.00,3.00,1015,9140,on,2024-11-26 09:55:00,-,0,0,modified code
169,20,0,1,0.2%,415,100k,10.00,3.00,6.00,3.00,1015,9140,on,2024-11-26 10:09:00,-,0,0,modified code
170,20,0,1,0.1%,415,100k,10.00,3.00,6.00,3.00,1015,9140,on,2024-11-26 10:17:00,-,0,0,modified code
171,20,0,1,0.3%,415,100k,10.00,3.00,6.00,3.00,1015,9140,on,2024-11-26 10:23:00,-,0,0,modified code
171,20,0,1,0.4%,415,100k,10.00,3.00,6.00,3.00,1015,9140,on,2024-11-26 10:30:00,-,0,0,modified code
172,20,0,1,0.5%,415,100k,10.00,3.00,6.00,3.00,1015,9140,on,2024-11-26 10:44:00,-,0,0,modified code
173,20,0,1,3.5%,365,100k,10.00,3.00,6.00,3.00,1015,9140,on,2024-11-26 11:01:00,-,0,0,modified code
174,20,0,1,3.5%,365,100k,10.00,3.00,6.00,3.00,1015,9140,on,2024-11-26 12:28:00,1,0,0,Covered
175,20,0,1,3.5%,365,100k,10.00,3.00,6.00,3.00,1015,9140,on,2024-11-26 12:37:00,1,0,0,Covered
176,20,0,1,3.5%,365,100k,10.00,3.00,6.00,3.00,1015,9140,on,2024-11-26 12:47:00,1,0,0,Covered
177,20,0,1,3.5%,365,100k,10.00,3.00,6.00,3.00,1015,9140,on,2024-11-26 12:54:00,1,0,0,Covered
178,20,0,1,3.5%,365,100k,10.00,3.00,6.00,3.00,1015,9140,on,2024-11-26 13:08:00,1,0,0,Covered
179,20,0,1,3.5%,365,100k,10.00,3.00,6.00,3.00,1015,9140,on,2024-11-26 14:11:00,1,0,0
180,20,0,1,3.5%,365,100k,10.00,3.00,6.00,3.00,1015,9140,on,2024-11-26 14:18:00,1,0,0
181,20,0,1,3.5%,365,100k,10.00,3.00,6.00,3.00,1015,9140,on,2024-11-26 14:24:00,1,0,0
182,20,0,1,3.5%,365,100k,10.00,3.00,6.00,3.00,1015,9140,on,2024-11-26 14:38:00,1,0,0
183,20,0,1,3.5%,365,100k,10.00,3.00,6.00,3.00,1015,9140,on,2024-11-26 14:42:00,1,0,0
184,20,0,1,3.5%,365,100k,10.00,3.00,6.00,3.00,1015,9140,on,2024-11-26 14:48:00,1,0,0
185,20,0,1,0.2%,415,100k,10.00,3.00,6.00,3.00,1015,9140,on,2024-11-26 14:56:00,1,0,0
186,20,0,1,0.2%,415,100k,10.00,3.00,6.00,3.00,1015,9140,on,2024-11-26 15:01:00,1,0,0
187,20,0,1,0.2%,415,100k,10.00,3.00,6.00,3.00,1015,9140,on,2024-11-26 15:09:00,1,0,0
188,20,0,1,0.2%,415,100k,10.00,3.00,6.00,3.00,1015,9140,on,2024-11-26 15:18:00,1,0,0
189,20,0,1,0.2%,415,100k,10.00,3.00,6.00,3.00,1015,9140,on,2024-11-26 15:26:00,1,0,0
190,20,0,1,0.2%,415,100k,10.00,3.00,6.00,3.00,1015,9140,on,2024-11-26 15:33:00,1,0,0
189,20,0,1,0.2%,415,100k,10.00,3.00,6.00,3.00,1015,9140,on,2024-11-26 15:26:00,1,0,0
188,20,0,1,0.2%,415,100k,10.00,3.00,6.00,3.00,1015,9140,on,2024-11-26 15:18:00,1,0,0
187,20,0,1,0.2%,415,100k,10.00,3.00,6.00,3.00,1015,9140,on,2024-11-26 15:09:00,1,0,0
186,20,0,1,0.2%,415,100k,10.00,3.00,6.00,3.00,1015,9140,on,2024-11-26 15:01:00,1,0,0
185,20,0,1,0.2%,415,100k,10.00,3.00,6.00,3.00,1015,9140,on,2024-11-26 14:56:00,1,0,0
191,20,0,1,2.0%,465,100k,10.00,3.00,6.00,3.00,1015,9140,on,2024-11-27 09:22:00,1,0,0
192,20,0,1,2.0%,465,100k,10.00,3.00,6.00,3.00,1015,9140,on,2024-11-27 09:26:00,1,0,0
193,20,0,1,2.0%,480,100k,10.00,3.00,6.00,3.00,1015,9140,on,2024-11-27 09:32:00,1,0,0
194,20,0,1,2.0%,480,100k,10.00,3.00,6.00,3.00,1015,9140,on,2024-11-27 09:36:00,1,0,0
195,20,5,1,3.5%,365,100k,10.00,3.00,6.00,3.00,1015,9140,on,2024-11-27 09:58:00,1,0,0
196,20,5,1,0.2%,415,100k,10.00,3.00,6.00,3.00,1015,9140,on,2024-11-27 10:08:00,1,0,0
197,20,5,1,2.0%,465,100k,10.00,3.00,6.00,3.00,1015,9140,on,2024-11-27 10:15:00,1,0,0
198,20,5,1,2.0%,480,100k,10.00,3.00,6.00,3.00,1015,9140,on,2024-11-27 10:21:00,1,0,0
199,20,10,1,3.5%,365,100k,10.00,3.00,6.00,3.00,1015,9140,on,2024-11-27 10:35:00,1,0,0
200,20,10,1,0.2%,415,100k,10.00,3.00,6.00,3.00,1015,9140,on,2024-11-27 10:52:00,1,0,0
201,20,10,1,2.0%,465,100k,10.00,3.00,6.00,3.00,1015,9140,on,2024-11-27 11:00:00,1,0,0
202,20,10,1,2.0%,480,100k,10.00,3.00,6.00,3.00,1015,9140,on,2024-11-27 11:07:00,1,0,0
203,20,15,1,3.5%,365,100k,10.00,3.00,6.00,3.00,1015,9140,on,2024-11-27 12:44:00,1,0,0
204,20,15,1,0.2%,415,100k,10.00,3.00,6.00,3.00,1015,9140,on,2024-11-27 12:52:00,1,0,0
205,20,15,1,2.0%,465,100k,10.00,3.00,6.00,3.00,1015,9140,on,2024-11-27 13:01:00,1,0,0
206,20,15,1,2.0%,480,100k,10.00,3.00,6.00,3.00,1015,9140,on,2024-11-27 13:23:00,1,0,0
207,20,20,1,3.5%,365,100k,10.00,3.00,6.00,3.00,1015,9140,on,2024-11-27 13:37:00,1,0,0
208,20,20,1,0.2%,415,100k,10.00,3.00,6.00,3.00,1015,9140,on,2024-11-27 13:45:00,1,0,0
209,20,20,1,2.0%,465,100k,10.00,3.00,6.00,3.00,1015,9140,on,2024-11-27 13:50:00,1,0,0
210,20,20,1,2.0%,480,100k,10.00,3.00,6.00,3.00,1015,9140,on,2024-11-27 13:55:00,1,0,0
211,20,25,1,3.5%,365,100k,10.00,3.00,6.00,3.00,1015,9140,on,2024-11-27 14:09:00,1,0,0
212,20,25,1,0.2%,415,100k,10.00,3.00,6.00,3.00,1015,9140,on,2024-11-27 14:16:00,1,0,0
213,20,25,1,2.0%,465,100k,10.00,3.00,6.00,3.00,1015,9140,on,2024-11-27 14:23:00,1,0,0
214,20,25,1,2.0%,480,100k,10.00,3.00,6.00,3.00,1015,9140,on,2024-11-27 14:30:00,1,0,0
215,20,30,1,3.5%,365,100k,10.00,3.00,6.00,3.00,1015,9140,on,2024-11-27 14:47:00,1,0,0
216,20,30,1,0.2%,415,100k,10.00,3.00,6.00,3.00,1015,9140,on,2024-11-27 15:00:00,1,0,0
217,20,30,1,2.0%,465,100k,10.00,3.00,6.00,3.00,1015,9140,on,2024-11-27 15:06:00,1,0,0
218,20,30,1,2.0%,480,100k,10.00,3.00,6.00,3.00,1015,9140,on,2024-11-27 15:12:00,1,0,0
219,20,35,1,3.5%,365,100k,10.00,3.00,6.00,3.00,1015,9140,on,2024-11-27 15:24:00,1,0,0
220,20,35,1,0.2%,415,100k,10.00,3.00,6.00,3.00,1015,9140,on,2024-11-27 15:33:00,1,0,0
221,20,35,1,2.0%,465,100k,10.00,3.00,6.00,3.00,1015,9140,on,2024-11-27 15:48:00,1,0,0
222,20,35,1,2.0%,480,100k,10.00,3.00,6.00,3.00,1015,9140,on,2024-11-27 15:54:00,1,0,0
223,20,40,1,3.5%,365,100k,10.00,3.00,6.00,3.00,1015,9140,on,2024-11-27 16:07:00,1,0,0
224,20,40,1,0.2%,415,100k,10.00,3.00,6.00,3.00,1015,9140,on,2024-11-27 16:15:00,1,0,0
225,20,40,1,2.0%,465,100k,10.00,3.00,6.00,3.00,1015,9140,on,2024-11-27 16:20:00,1,0,0
226,20,40,1,2.0%,480,100k,10.00,3.00,6.00,3.00,1015,9140,on,2024-11-27 16:33:00,1,0,0
227,20,45,1,3.5%,365,100k,10.00,3.00,6.00,3.00,1015,9140,on,2024-11-27 16:46:00,1,0,0
228,20,45,1,0.2%,415,100k,10.00,3.00,6.00,3.00,1015,9140,on,2024-11-27 16:52:00,1,0,0
229,20,45,1,2.0%,465,100k,10.00,3.00,6.00,3.00,1015,9140,on,2024-11-27 16:58:00,1,0,0
230,20,45,1,2.0%,480,100k,10.00,3.00,6.00,3.00,1015,9140,on,2024-11-27 17:03:00,1,0,0
231,20,--,-,---%,---,100k,--.--,-.--,-.--,-.--,1064,9140,on,2024-11-27 17:15:00,-,-,-
232,20,--,-,---%,---,100k,--.--,-.--,-.--,-.--,1064,9140,on,2024-11-28 09:02:00,-,-,-
233,20,45,1,3.0%,---,100k,10.00,3.00,6.00,3.00,1015,9140,on,2024-11-28 09:11:00,0,0,0
234,20,45,1,5.0%,---,100k,10.00,3.00,6.00,3.00,1015,9140,on,2024-11-28 09:16:00,0,0,0
234,20,45,1,10.0%,---,100k,10.00,3.00,6.00,3.00,1015,9140,on,2024-11-28 09:22:00,0,0,0
235,20,45,1,50.0%,---,100k,10.00,3.00,6.00,3.00,1015,9140,on,2024-11-28 09:28:00,0,0,0
236,20,50,1,3.5%,365,100k,10.00,3.00,6.00,3.00,1015,9140,on,2024-11-28 09:43:00,1,0,0
237,20,50,1,0.2%,415,100k,10.00,3.00,6.00,3.00,1015,9140,on,2024-11-28 09:49:00,1,0,0
238,20,50,1,2.0%,465,100k,10.00,3.00,6.00,3.00,1015,9140,on,2024-11-28 09:55:00,1,0,0
239,20,50,1,2.0%,480,100k,10.00,3.00,6.00,3.00,1015,9140,on,2024-11-28 10:00:00,1,0,0
240,20,50,1,3.0%,---,100k,10.00,3.00,6.00,3.00,1015,9140,on,2024-11-28 10:07:00,0,0,0
241,20,50,1,8.0%,---,100k,10.00,3.00,6.00,3.00,1015,9140,on,2024-11-28 10:12:00,0,0,0
242,20,55,1,3.5%,365,100k,10.00,3.00,6.00,3.00,1015,9140,on,2024-11-28 10:25:00,1,0,0
243,20,55,1,0.2%,415,100k,10.00,3.00,6.00,3.00,1015,9140,on,2024-11-28 10:31:00,1,0,0
244,20,55,1,2.0%,465,100k,10.00,3.00,6.00,3.00,1015,9140,on,2024-11-28 10:38:00,1,0,0
245,20,55,1,2.0%,480,100k,10.00,3.00,6.00,3.00,1015,9140,on,2024-11-28 10:49:00,1,0,0
246,20,60,1,3.5%,365,100k,10.00,3.00,6.00,3.00,1015,9140,on,2024-11-28 12:42:00,1,0,0
247,20,60,1,0.2%,415,100k,10.00,3.00,6.00,3.00,1015,9140,on,2024-11-28 12:48:00,1,0,0
248,20,60,1,2.0%,465,100k,10.00,3.00,6.00,3.00,1015,9140,on,2024-11-28 12:58:00,1,0,0
249,20,60,1,2.0%,480,100k,10.00,3.00,6.00,3.00,1015,9140,on,2024-11-28 13:04:00,1,0,0
250,20,65,1,3.5%,365,100k,10.00,3.00,6.00,3.00,1015,9140,on,2024-11-28 13:18:00,1,0,0
251,20,65,1,0.2%,415,100k,10.00,3.00,6.00,3.00,1015,9140,on,2024-11-28 13:23:00,1,0,0
252,20,65,1,2.0%,465,100k,10.00,3.00,6.00,3.00,1015,9140,on,2024-11-28 13:29:00,1,0,0
253,20,65,1,2.0%,480,100k,10.00,3.00,6.00,3.00,1015,9140,on,2024-11-28 13:35:00,1,0,0
254,20,70,1,3.5%,365,100k,10.00,3.00,6.00,3.00,1015,9140,on,2024-11-28 13:49:00,1,0,0
255,20,70,1,0.2%,415,100k,10.00,3.00,6.00,3.00,1015,9140,on,2024-11-28 13:55:00,1,0,0
256,20,70,1,2.0%,465,100k,10.00,3.00,6.00,3.00,1015,9140,on,2024-11-28 14:00:00,1,0,0
257,20,70,1,2.0%,480,100k,10.00,3.00,6.00,3.00,1015,9140,on,2024-11-28 14:06:00,1,0,0
258,20,75,1,3.5%,365,100k,10.00,3.00,6.00,3.00,1015,9140,on,2024-11-28 14:19:00,1,0,0
259,20,75,1,0.2%,415,100k,10.00,3.00,6.00,3.00,1015,9140,on,2024-11-28 14:25:00,1,0,0
260,20,75,1,2.0%,465,100k,10.00,3.00,6.00,3.00,1015,9140,on,2024-11-28 14:31:00,1,0,0
261,20,75,1,2.0%,480,100k,10.00,3.00,6.00,3.00,1015,9140,on,2024-11-28 14:37:00,1,0,0
262,20,80,1,3.5%,365,100k,10.00,3.00,6.00,3.00,1015,9140,on,2024-11-28 14:50:00,1,0,0
263,20,80,1,0.2%,415,100k,10.00,3.00,6.00,3.00,1015,9140,on,2024-11-28 14:55:00,1,0,0
264,20,80,1,2.0%,465,100k,10.00,3.00,6.00,3.00,1015,9140,on,2024-11-28 15:01:00,1,0,0
265,20,80,1,2.0%,480,100k,10.00,3.00,6.00,3.00,1015,9140,on,2024-11-28 15:06:00,1,0,0
266,20,85,1,3.5%,365,100k,10.00,3.00,6.00,3.00,1015,9140,on,2024-11-28 15:21:00,1,0,0
267,20,85,1,0.2%,415,100k,10.00,3.00,6.00,3.00,1015,9140,on,2024-11-28 15:28:00,1,0,0
268,20,85,1,2.0%,465,100k,10.00,3.00,6.00,3.00,1015,9140,on,2024-11-28 15:34:00,1,0,0
269,20,85,1,2.0%,480,100k,10.00,3.00,6.00,3.00,1015,9140,on,2024-11-28 15:40:00,1,0,0
270,20,90,1,3.5%,365,100k,10.00,3.00,6.00,3.00,1015,9140,on,2024-11-28 15:52:00,1,0,0
271,20,90,1,0.2%,415,100k,10.00,3.00,6.00,3.00,1015,9140,on,2024-11-28 15:58:00,1,0,0
272,20,90,1,2.0%,465,100k,10.00,3.00,6.00,3.00,1015,9140,on,2024-11-28 16:15:00,1,0,0
273,20,90,1,2.0%,480,100k,10.00,3.00,6.00,3.00,1015,9140,on,2024-11-28 16:20:00,1,0,0
274,20,--,-,---%,---,100k,--.--,-.--,-.--,-.--,1064,9140,on,2024-11-28 17:10:00,0,0,0
275,20,--,-,---%,---,100k,--.--,-.--,-.--,-.--,1064,9140,on,2024-11-28 17:17:00,0,0,0
276,20,--,-,---%,---,100k,--.--,-.--,-.--,-.--,1064,9140,on,2024-11-29 09:03:00,1,0,0
277,20,0,1,3.5%,365,100k,10.00,3.00,6.00,3.00,1015,9140,on,2024-11-29 09:58:00,1,0,0
278,20,5,1,3.5%,365,100k,10.00,3.00,6.00,3.00,1015,9140,on,2024-11-29 10:18:00,1,0,0
279,20,10,1,3.5%,365,100k,10.00,3.00,6.00,3.00,1015,9140,on,2024-11-29 10:43:00,1,0,0
280,20,0,1,3.5%,365,100k,10.00,3.00,6.00,3.00,1015,9140,on,2024-11-29 11:07:00,1,0,0,2.0cm
281,20,0,1,0.2%,415,100k,10.00,3.00,6.00,3.00,1015,9140,on,2024-11-29 12:49:00,1,0,0,2.0cm
282,20,0,1,2.0%,465,100k,10.00,3.00,6.00,3.00,1015,9140,on,2024-11-29 12:58:00,1,0,0,2.0cm
283,20,0,1,2.0%,480,100k,10.00,3.00,6.00,3.00,1015,9140,on,2024-11-29 13:04:00,1,0,0,2.0cm
284,20,0,1,3.5%,365,100k,10.00,3.00,6.00,3.00,1015,9140,on,2024-11-29 13:19:00,0,0,0,1.0cm
285,20,0,1,0.2%,415,100k,10.00,3.00,6.00,3.00,1015,9140,on,2024-11-29 13:28:00,0,0,0,1.0cm
286,20,0,1,2.0%,465,100k,10.00,3.00,6.00,3.00,1015,9140,on,2024-11-29 13:33:00,0,0,0,1.0cm
287,20,0,1,2.0%,480,100k,10.00,3.00,6.00,3.00,1015,9140,on,2024-11-29 13:39:00,0,0,0,1.0cm
288,20,0,1,3.5%,365,100k,10.00,3.00,6.00,3.00,1015,9140,on,2024-11-29 13:55:00,1,0,0,1.0cm
289,20,0,1,0.2%,415,100k,10.00,3.00,6.00,3.00,1015,9140,on,2024-11-29 14:01:00,1,0,0,1.0cm
290,20,0,1,2.0%,465,100k,10.00,3.00,6.00,3.00,1015,9140,on,2024-11-29 14:08:00,1,0,0,1.0cm
291,20,0,1,2.0%,480,100k,10.00,3.00,6.00,3.00,1015,9140,on,2024-11-29 14:17:00,1,0,0,1.0cm
292,20,0,1,3.5%,365,100k,10.00,3.00,6.00,3.00,1015,9140,on,2024-11-29 14:25:00,1,0,0,4.0cm
293,20,0,1,0.2%,415,100k,10.00,3.00,6.00,3.00,1015,9140,on,2024-11-29 14:36:00,1,0,0,4.0cm
294,20,0,1,2.0%,465,100k,10.00,3.00,6.00,3.00,1015,9140,on,2024-11-29 14:43:00,1,0,0,4.0cm
295,20,0,1,2.0%,480,100k,10.00,3.00,6.00,3.00,1015,9140,on,2024-11-29 14:48:00,1,0,0,4.0cm
296,20,0,1,3.5%,365,100k,10.00,3.00,6.00,3.00,1015,9140,on,2024-11-29 15:07:00,1,0,0,3.0cm
297,20,0,1,0.2%,415,100k,10.00,3.00,6.00,3.00,1015,9140,on,2024-11-29 16:07:00,1,0,0,3.0cm
298,20,0,1,2.0%,465,100k,10.00,3.00,6.00,3.00,1015,9140,on,2024-11-29 16:13:00,1,0,0,3.0cm
299,20,0,1,2.0%,480,100k,10.00,3.00,6.00,3.00,1015,9140,on,2024-11-29 16:19:00,1,0,0,3.0cm
300,20,0,1,3.5%,365,100k,10.00,3.00,6.00,3.00,1015,9140,on,2024-11-29 16:51:00,0,0,0,2.0cm
301,20,0,1,3.5%,365,100k,10.00,3.00,6.00,3.00,1015,9140,on,2024-11-29 16:58:00,0,0,0,2.0cm
302,20,0,-,---%,---,100k,--.--,-.--,-.--,-.--,1064,9140,on,2024-11-29 17:18:00,-,-,-,---
303,20,0,-,---%,---,100k,--.--,-.--,-.--,-.--,1064,9140,on,2024-12-02 09:15:00,0,-,-,---
304,20,0,1,3.5%,365,100k,10.00,3.00,6.00,3.00,1015,9140,on,2024-12-02 10:11:00,0,0,0,2.0cm
305,20,0,1,0.2%,415,100k,10.00,3.00,6.00,3.00,1015,9140,on,2024-12-02 10:19:00,0,0,0,2.0cm
306,20,0,1,0.2%,415,100k,10.00,3.00,6.00,3.00,1015,9140,on,2024-12-02 11:08:00,0,0,0,2.0cm
307,20,0,1,0.2%,415,100k,10.00,3.00,6.00,3.00,1015,9140,on,2024-12-02 12:44:00,1,0,0,2.0cm
308,20,0,1,3.5%,365,100k,10.00,3.00,6.00,3.00,1015,9140,on,2024-12-02 12:51:00,0,0,0,2.0cm
309,20,0,1,3.5%,365,100k,10.00,3.00,6.00,3.00,1015,9140,on,2024-12-02 13:29:00,0,0,0,2.0cm
310,20,0,1,3.2%,415,100k,10.00,3.00,6.00,3.00,1015,9140,on,2024-12-02 14:13:00,0,0,0,2.0cm
311,20,0,1,0.2%,415,100k,10.00,3.00,6.00,3.00,1015,9140,on,2024-12-02 14:19:00,0,0,0,2.0cm
312,20,0,1,2.0%,465,100k,10.00,3.00,6.00,3.00,1015,9140,on,2024-12-02 14:31:00,0,0,0,2.0cm
313,20,0,1,0.2%,415,100k,10.00,3.00,6.00,3.00,1015,9140,on,2024-12-02 15:36:00,0,0,0,3.5cm
314,20,0,1,0.2%,415,100k,10.00,3.00,6.00,3.00,1015,9140,on,2024-12-02 15:53:00,1,0,0,3.5cm
315,20,0,1,0.2%,415,100k,10.00,3.00,6.00,3.00,1015,9140,on,2024-12-02 17:11:00,1,0,0,3.5cm
316,20,0,1,---%,---,100k,--.--,----,----,----,1064,9140,on,2024-12-03 09:23:00,0,-,-,-----
317,20,0,1,0.2%,415,100k,10.00,3.00,6.00,3.00,1015,9140,on,2024-12-03 09:35:00,1,0,0,3.5cm
318,20,0,1,3.5%,365,100k,10.00,3.00,6.00,3.00,1015,9140,on,2024-12-03 09:44:00,1,0,0,3.5cm
319,20,0,1,2.0%,465,100k,10.00,3.00,6.00,3.00,1015,9140,on,2024-12-03 09:57:00,1,0,0,3.5cm
320,20,0,1,2.0%,480,100k,10.00,3.00,6.00,3.00,1015,9140,on,2024-12-03 10:02:00,1,0,0,3.5cm
321,20,0,1,3.5%,365,100k,10.00,3.00,6.00,3.00,1015,9140,on,2024-12-03 10:25:00,0,0,0,4.5cm
322,20,0,1,---%,---,100k,--.--,-.--,-.--,-.--,1064,9140,on,2024-12-03 10:33:00,0,-,-,17.9
322,20,0,1,3.5%,365,100k,10.00,3.00,6.00,3.00,1015,9140,on,2024-12-03 10:41:00,1,0,0,4.5cm
323,20,0,1,0.2%,415,100k,10.00,3.00,6.00,3.00,1015,9140,on,2024-12-03 10:47:00,1,0,0,4.5cm
324,20,0,1,2.0%,465,100k,10.00,3.00,6.00,3.00,1015,9140,on,2024-12-03 11:00:00,1,0,0,4.5cm
325,20,0,1,2.0%,480,100k,10.00,3.00,6.00,3.00,1015,9140,on,2024-12-03 11:07:00,1,0,0,4.5cm
326,20,0,1,---%,---,100k,--.--,-.--,-.--,-.--,1064,9140,on,2024-12-03 12:34:00,1,-,-,17.9
327,20,0,1,---%,---,100k,--.--,-.--,-.--,-.--,1064,9140,on,2024-12-03 14:09:00,1,-,-,20.3
328,20,0,1,3.5%,365,100k,10.00,3.00,6.00,3.00,1015,9140,on,2024-12-03 14:42:00,1,0,0,4.5cm
329,20,0,1,0.2%,415,100k,10.00,3.00,6.00,3.00,1015,9140,on,2024-12-03 14:51:00,1,0,0,4.5cm
330,20,0,1,2.0%,465,100k,10.00,3.00,6.00,3.00,1015,9140,on,2024-12-03 14:57:00,1,0,0,4.5cm
331,20,0,1,2.0%,480,100k,10.00,3.00,6.00,3.00,1015,9140,on,2024-12-03 15:03:00,1,0,0,4.5cm
332,20,0,1,3.5%,365,100k,10.00,3.00,6.00,3.00,1015,9140,on,2024-12-03 15:25:00,1,0,0,5.0cm
333,20,0,1,3.5%,365,100k,10.00,3.00,6.00,3.00,1015,9140,on,2024-12-03 15:31:00,1,0,0,5.0cm
334,20,0,1,0.2%,415,100k,10.00,3.00,6.00,3.00,1015,9140,on,2024-12-03 15:38:00,1,0,0,5.0cm
335,20,0,1,2.0%,465,100k,10.00,3.00,6.00,3.00,1015,9140,on,2024-12-03 15:44:00,1,0,0,5.0cm
336,20,0,1,2.0%,480,100k,10.00,3.00,6.00,3.00,1015,9140,on,2024-12-03 15:49:00,1,0,0,5.0cm
337,20,0,1,---%,---,100k,-----,----,----,----,1064,9140,on,2024-12-03 15:56:00,1,-,-,21.9
338,20,0,1,3.5%,365,100k,10.00,3.00,6.00,3.00,1015,9140,on,2024-12-03 16:19:00,1,0,0,5.0cm
339,20,0,1,0.2%,415,100k,10.00,3.00,6.00,3.00,1015,9140,on,2024-12-03 16:25:00,1,0,0,5.0cm
340,20,0,1,3.5%,365,100k,10.00,3.00,6.00,3.00,1015,9140,on,2024-12-03 16:41:00,1,0,0,5.0cm
341,20,0,1,3.5%,365,100k,10.00,3.00,6.00,3.00,1015,9140,on,2024-12-03 17:03:00,0,0,0,5.0cm
342,20,0,1,3.5%,365,100k,10.00,3.00,6.00,3.00,1015,9140,on,2024-12-04 09:52:00,1,0,0,5.0cm
343,20,0,1,---%,---,100k,-----,----,----,----,1015,9140,on,2024-12-04 10:--:00,1,-,-,-----
344,20,0,1,3.5%,365,100k,10.00,3.00,6.00,3.00,1015,9140,on,2024-12-04 10:19:00,0,0,0,5.0cm
345,20,0,1,0.2%,415,100k,10.00,3.00,6.00,3.00,1015,9140,on,2024-12-04 10:29:00,1,0,0,5.0cm
346,20,0,1,2.0%,465,100k,10.00,3.00,6.00,3.00,1015,9140,on,2024-12-04 10:39:00,1,0,0,5.0cm
347,20,0,1,2.0%,480,100k,10.00,3.00,6.00,3.00,1015,9140,on,2024-12-04 10:53:00,1,0,0,5.0cm
348,20,0,1,---%,---,100k,-----,----,----,----,1064,9140,on,2024-12-04 12:46:00,1,-,-,24.1
349,20,0,1,3.5%,365,100k,10.00,3.00,6.00,3.00,1015,9140,on,2024-12-04 12:54:00,0,0,0,5.0cm
350,20,0,1,3.5%,365,100k,10.00,3.00,6.00,3.00,1015,9140,on,2024-12-04 13:06:00,1,0,0,5.0cm
350,20,0,1,3.5%,365,100k,10.00,3.00,6.00,3.00,1015,9140,on,2024-12-04 13:06:00,1,0,0,5.0cm
351,20,0,1,0.2%,415,100k,10.00,3.00,6.00,3.00,1015,9140,on,2024-12-04 13:19:00,1,0,0,5.0cm
352,20,0,1,2.0%,465,100k,10.00,3.00,6.00,3.00,1015,9140,on,2024-12-04 13:24:00,1,0,0,5.0cm
353,20,0,1,2.0%,480,100k,10.00,3.00,6.00,3.00,1015,9140,on,2024-12-04 13:30:00,1,0,0,5.0cm
354,20,0,1,---%,---,100k,-----,----,----,----,1064,9140,on,2024-12-04 13:35:00,1,-,-,25.7
355,20,0,1,3.5%,365,100k,10.00,3.00,6.00,3.00,1015,9140,on,2024-12-04 15:59:00,1,1,0,5.0cm
356,20,0,1,0.2%,415,100k,10.00,3.00,6.00,3.00,1015,9140,on,2024-12-04 16:08:00,1,1,0,5.0cm
357,20,0,1,2.0%,465,100k,10.00,3.00,6.00,3.00,1015,9140,on,2024-12-04 16:13:00,1,1,0,5.0cm
358,20,0,1,2.0%,480,100k,10.00,3.00,6.00,3.00,1015,9140,on,2024-12-04 16:22:00,1,1,0,5.0cm
359,20,0,1,---%,---,100k,-----,----,----,----,1064,9140,on,2024-12-04 16:40:00,1,-,-,27.6
360,20,0,1,---%,---,100k,-----,----,----,----,1064,9140,on,2024-12-04 16:40:00,1,-,-,28.1
361,20,0,1,---%,---,100k,-----,----,----,----,1015,9140,on,2024-12-05 09:13:00,1,-,-,-----
362,20,0,2,3.5%,365,100k,10.00,3.00,6.00,3.00,1015,9140,on,2024-12-05 09:20:00,1,1,0,5.0cm
363,20,0,2,0.2%,415,100k,10.00,3.00,6.00,3.00,1015,9140,on,2024-12-05 09:27:00,1,1,0,5.0cm
364,20,0,2,2.0%,465,100k,10.00,3.00,6.00,3.00,1015,9140,on,2024-12-05 09:33:00,1,1,0,5.0cm
365,20,0,2,2.0%,480,100k,10.00,3.00,6.00,3.00,1015,9140,on,2024-12-05 09:38:00,1,1,0,5.0cm
366,20,0,2,3.5%,365,100k,10.00,3.00,6.00,3.00,1015,9140,on,2024-12-05 09:45:00,1,1,0,5.0cm
367,20,10,2,3.5%,365,100k,10.00,3.00,6.00,3.00,1015,9140,on,2024-12-05 10:00:00,1,1,0,5.0cm
368,20,10,2,0.2%,415,100k,10.00,3.00,6.00,3.00,1015,9140,on,2024-12-05 10:07:00,1,1,0,5.0cm
369,20,10,2,2.0%,465,100k,10.00,3.00,6.00,3.00,1015,9140,on,2024-12-05 10:12:00,1,1,0,5.0cm
370,20,10,2,2.0%,480,100k,10.00,3.00,6.00,3.00,1015,9140,on,2024-12-05 10:18:00,1,1,0,5.0cm
371,20,20,2,---%,---,100k,-----,----,----,----,1064,9140,on,2024-12-05 10:24:00,0,-,-,27.8
372,20,20,2,---%,---,100k,-----,----,----,----,1064,9140,on,2024-12-05 10:30:00,1,-,-,27.5
373,20,20,2,3.5%,365,100k,10.00,3.00,6.00,3.00,1015,9140,on,2024-12-05 10:41:00,1,1,0,5.0cm
374,20,20,2,0.2%,415,100k,10.00,3.00,6.00,3.00,1015,9140,on,2024-12-05 10:46:00,1,1,0,5.0cm
375,20,20,2,2.0%,465,100k,10.00,3.00,6.00,3.00,1015,9140,on,2024-12-05 10:52:00,1,1,0,5.0cm
376,20,20,2,2.0%,480,100k,10.00,3.00,6.00,3.00,1015,9140,on,2024-12-05 10:57:00,1,1,0,5.0cm
377,20,30,2,3.5%,365,100k,10.00,3.00,6.00,3.00,1015,9140,on,2024-12-05 13:03:00,1,1,0,5.0cm
378,20,30,2,3.5%,365,100k,10.00,3.00,6.00,3.00,1015,9140,on,2024-12-05 13:08:00,1,1,0,5.0cm
379,20,30,2,0.2%,415,100k,10.00,3.00,6.00,3.00,1015,9140,on,2024-12-05 13:15:00,1,1,0,5.0cm
380,20,30,2,2.0%,465,100k,10.00,3.00,6.00,3.00,1015,9140,on,2024-12-05 13:20:00,1,1,0,5.0cm
381,20,30,2,2.0%,480,100k,10.00,3.00,6.00,3.00,1015,9140,on,2024-12-05 13:28:00,1,1,0,5.0cm
382,20,30,2,---%,---,100k,-----,----,----,----,1064,9140,on,2024-12-05 13:35:00,1,-,-,29.5
383,20,40,2,3.5%,365,100k,10.00,3.00,6.00,3.00,1015,9140,on,2024-12-05 13:59:00,1,1,0,5.0cm
384,20,40,2,0.2%,415,100k,10.00,3.00,6.00,3.00,1015,9140,on,2024-12-05 14:12:00,1,1,0,5.0cm
385,20,40,2,2.0%,465,100k,10.00,3.00,6.00,3.00,1015,9140,on,2024-12-05 14:18:00,1,1,0,5.0cm
386,20,40,2,---%,---,100k,-----,----,----,----,1064,9140,on,2024-12-05 14:23:00,1,-,-,30.0
387,20,40,2,2.0%,480,100k,10.00,3.00,6.00,3.00,1015,9140,on,2024-12-05 14:27:00,1,1,0,5.0cm
388,20,50,2,3.5%,365,100k,10.00,3.00,6.00,3.00,1015,9140,on,2024-12-05 14:39:00,1,1,0,5.0cm
389,20,50,2,0.2%,415,100k,10.00,3.00,6.00,3.00,1015,9140,on,2024-12-05 14:47:00,1,1,0,5.0cm
390,20,50,2,2.0%,465,100k,10.00,3.00,6.00,3.00,1015,9140,on,2024-12-05 14:53:00,1,1,0,5.0cm
391,20,50,2,2.0%,480,100k,10.00,3.00,6.00,3.00,1015,9140,on,2024-12-05 15:03:00,1,1,0,5.0cm
392,20,60,2,---%,---,100k,-----,----,----,----,1064,9140,on,2024-12-05 15:13:00,1,-,-,31.7
393,20,60,2,3.5%,365,100k,10.00,3.00,6.00,3.00,1015,9140,on,2024-12-05 15:20:00,1,1,0,5.0cm
394,20,60,2,0.2%,415,100k,10.00,3.00,6.00,3.00,1015,9140,on,2024-12-05 16:52:00,1,1,0,5.0cm
395,20,60,2,2.0%,465,100k,10.00,3.00,6.00,3.00,1015,9140,on,2024-12-05 16:59:00,1,1,0,5.0cm
396,20,60,2,2.0%,480,100k,10.00,3.00,6.00,3.00,1015,9140,on,2024-12-05 17:04:00,1,1,0,5.0cm
397,20,60,2,---%,---,100k,-----,----,----,----,1015,9140,on,2024-12-06 09:03:00,1,-,-,-----
398,20,70,2,3.5%,365,100k,10.00,3.00,6.00,3.00,1015,9140,on,2024-12-06 09:25:00,1,1,0,5.0cm
399,20,70,2,0.2%,415,100k,10.00,3.00,6.00,3.00,1015,9140,on,2024-12-06 09:33:00,1,1,0,5.0cm
400,20,70,2,2.0%,465,100k,10.00,3.00,6.00,3.00,1015,9140,on,2024-12-06 09:38:00,1,1,0,5.0cm
401,20,70,2,2.0%,480,100k,10.00,3.00,6.00,3.00,1015,9140,on,2024-12-06 09:44:00,1,1,0,5.0cm
402,20,80,2,3.5%,365,100k,10.00,3.00,6.00,3.00,1015,9140,on,2024-12-06 09:58:00,1,1,0,5.0cm
403,20,80,2,0.2%,415,100k,10.00,3.00,6.00,3.00,1015,9140,on,2024-12-06 10:04:00,1,1,0,5.0cm
404,20,80,2,2.0%,465,100k,10.00,3.00,6.00,3.00,1015,9140,on,2024-12-06 10:09:00,1,1,0,5.0cm
405,20,80,2,2.0%,480,100k,10.00,3.00,6.00,3.00,1015,9140,on,2024-12-06 10:14:00,1,1,0,5.0cm
406,20,90,2,3.5%,365,100k,10.00,3.00,6.00,3.00,1015,9140,on,2024-12-06 10:27:00,1,1,0,5.0cm
407,20,90,2,0.2%,415,100k,10.00,3.00,6.00,3.00,1015,9140,on,2024-12-06 10:34:00,1,1,0,5.0cm
408,20,90,2,2.0%,465,100k,10.00,3.00,6.00,3.00,1015,9140,on,2024-12-06 10:40:00,1,1,0,5.0cm
409,20,90,2,---%,---,100k,-----,----,----,----,1064,9140,on,2024-12-06 10:45:00,1,-,-,33.5
410,20,0,2,3.5%,365,100k,10.00,3.00,6.00,3.00,1015,9140,on,2024-12-06 13:51:00,1,0,0,5.0cm
411,20,0,2,0.2%,415,100k,10.00,3.00,6.00,3.00,1015,9140,on,2024-12-06 13:58:00,1,0,0,5.0cm
412,20,0,2,2.0%,465,100k,10.00,3.00,6.00,3.00,1015,9140,on,2024-12-06 14:11:00,1,0,0,5.0cm
413,20,0,2,2.0%,480,100k,10.00,3.00,6.00,3.00,1015,9140,on,2024-12-06 14:19:00,1,0,0,5.0cm
414,20,10,2,---%,---,100k,-----,----,----,----,1064,9140,on,2024-12-06 14:29:00,1,-,-,33.7
415,20,10,2,3.5%,365,100k,10.00,3.00,6.00,3.00,1015,9140,on,2024-12-06 14:39:00,1,0,0,5.0cm
416,20,10,2,0.2%,415,100k,10.00,3.00,6.00,3.00,1015,9140,on,2024-12-06 14:46:00,1,0,0,5.0cm
417,20,10,2,2.0%,465,100k,10.00,3.00,6.00,3.00,1015,9140,on,2024-12-06 14:51:00,1,0,0,5.0cm
418,20,10,2,---%,---,100k,-----,----,----,----,1064,9140,on,2024-12-06 14:56:00,1,-,-,34.5
419,20,10,2,2.0%,480,100k,10.00,3.00,6.00,3.00,1015,9140,on,2024-12-06 15:02:00,1,0,0,5.0cm
420,20,20,2,3.5%,365,100k,10.00,3.00,6.00,3.00,1015,9140,on,2024-12-06 15:16:00,1,0,0,5.0cm
421,20,20,2,0.2%,415,100k,10.00,3.00,6.00,3.00,1015,9140,on,2024-12-06 15:23:00,1,0,0,5.0cm
422,20,20,2,2.0%,465,100k,10.00,3.00,6.00,3.00,1015,9140,on,2024-12-06 15:29:00,1,0,0,5.0cm
423,20,20,2,2.0%,480,100k,10.00,3.00,6.00,3.00,1015,9140,on,2024-12-06 15:34:00,1,0,0,5.0cm
424,20,20,2,---%,---,100k,-----,----,----,----,1064,9140,on,2024-12-06 15:40:00,1,-,-,34.7
425,20,30,2,3.5%,365,100k,10.00,3.00,6.00,3.00,1015,9140,on,2024-12-06 16:02:00,1,0,0,5.0cm
426,20,30,2,---%,---,100k,-----,----,----,----,1064,9140,on,2024-12-06 16:07:00,1,-,-,35.0
427,20,30,2,0.2%,415,100k,10.00,3.00,6.00,3.00,1015,9140,on,2024-12-06 16:18:00,1,0,0,5.0cm
428,20,30,2,2.0%,465,100k,10.00,3.00,6.00,3.00,1015,9140,on,2024-12-06 16:29:00,1,0,0,5.0cm
429,20,30,2,2.0%,480,100k,10.00,3.00,6.00,3.00,1015,9140,on,2024-12-06 16:35:00,1,0,0,5.0cm
430,20,40,2,3.5%,365,100k,10.00,3.00,6.00,3.00,1015,9140,on,2024-12-06 16:50:00,1,0,0,5.0cm
431,20,40,2,0.2%,415,100k,10.00,3.00,6.00,3.00,1015,9140,on,2024-12-06 16:58:00,1,0,0,5.0cm
432,20,40,2,---%,---,100k,-----,----,----,----,1015,9140,on,2024-12-09 09:08:00,1,-,-,-----
433,20,40,2,2.0%,465,100k,10.00,3.00,6.00,3.00,1015,9140,on,2024-12-09 09:15:00,1,0,0,5.0cm
434,20,40,2,2.0%,480,100k,10.00,3.00,6.00,3.00,1015,9140,on,2024-12-09 09:21:00,1,0,0,5.0cm
435,20,50,2,3.5%,365,100k,10.00,3.00,6.00,3.00,1015,9140,on,2024-12-09 09:38:00,1,0,0,5.0cm
436,20,50,2,0.2%,415,100k,10.00,3.00,6.00,3.00,1015,9140,on,2024-12-09 09:43:00,1,0,0,5.0cm
437,20,50,2,2.0%,465,100k,10.00,3.00,6.00,3.00,1015,9140,on,2024-12-09 09:48:00,1,0,0,5.0cm
438,20,50,2,2.0%,480,100k,10.00,3.00,6.00,3.00,1015,9140,on,2024-12-09 09:53:00,1,0,0,5.0cm
439,20,60,2,3.5%,365,100k,10.00,3.00,6.00,3.00,1015,9140,on,2024-12-09 10:08:00,1,0,0,5.0cm
440,20,60,2,0.2%,415,100k,10.00,3.00,6.00,3.00,1015,9140,on,2024-12-09 10:14:00,1,0,0,5.0cm
441,20,60,2,2.0%,465,100k,10.00,3.00,6.00,3.00,1015,9140,on,2024-12-09 10:21:00,1,0,0,5.0cm
442,20,60,2,2.0%,480,100k,10.00,3.00,6.00,3.00,1015,9140,on,2024-12-09 10:27:00,1,0,0,5.0cm
443,20,70,2,3.5%,365,100k,10.00,3.00,6.00,3.00,1015,9140,on,2024-12-09 10:55:00,1,0,0,5.0cm
444,20,70,2,0.2%,415,100k,10.00,3.00,6.00,3.00,1015,9140,on,2024-12-09 11:01:00,1,0,0,5.0cm
445,20,70,2,2.0%,465,100k,10.00,3.00,6.00,3.00,1015,9140,on,2024-12-09 11:06:00,1,0,0,5.0cm
446,20,70,2,2.0%,480,100k,10.00,3.00,6.00,3.00,1015,9140,on,2024-12-09 11:13:00,1,0,0,5.0cm
447,20,80,2,3.5%,365,100k,10.00,3.00,6.00,3.00,1015,9140,on,2024-12-09 13:34:00,1,0,0,5.0cm
448,20,80,2,0.2%,415,100k,10.00,3.00,6.00,3.00,1015,9140,on,2024-12-09 13:40:00,1,0,0,5.0cm
449,20,80,2,2.0%,465,100k,10.00,3.00,6.00,3.00,1015,9140,on,2024-12-09 13:48:00,1,0,0,5.0cm
450,20,80,2,2.0%,480,100k,10.00,3.00,6.00,3.00,1015,9140,on,2024-12-09 13:54:00,1,0,0,5.0cm
451,20,90,2,3.5%,365,100k,10.00,3.00,6.00,3.00,1015,9140,on,2024-12-09 14:09:00,1,0,0,5.0cm
452,20,90,2,0.2%,415,100k,10.00,3.00,6.00,3.00,1015,9140,on,2024-12-09 14:15:00,1,0,0,5.0cm
453,20,90,2,2.0%,465,100k,10.00,3.00,6.00,3.00,1015,9140,on,2024-12-09 14:22:00,1,0,0,5.0cm
454,20,90,2,2.0%,480,100k,10.00,3.00,6.00,3.00,1015,9140,on,2024-12-09 14:28:00,1,0,0,5.0cm
455,20,90,2,---%,---,100k,-----,----,----,----,1015,9140,on,2024-12-10 09:17:00,1,0,0,5.0cm
456,20,90,2,2.0%,480,100k,10.00,3.00,6.00,3.00,1015,9140,on,2024-12-10 09:23:00,1,0,0,5.0cm
457,20,90,2,2.0%,480,100k,10.00,3.00,6.00,3.00,1015,9140,on,2024-12-10 09:58:00,1,1,0,5.0cm
458,20,0,2,3.5%,365,100k,10.00,3.00,6.00,3.00,1015,9140,on,2024-12-10 10:15:00,1,1,0,5.0cm
459,20,0,2,0.2%,415,100k,10.00,3.00,6.00,3.00,1015,9140,on,2024-12-10 10:24:00,1,1,0,5.0cm
460,20,0,2,2.0%,465,100k,10.00,3.00,6.00,3.00,1015,9140,on,2024-12-10 10:29:00,1,1,0,5.0cm
461,20,0,2,2.0%,480,100k,10.00,3.00,6.00,3.00,1015,9140,on,2024-12-10 10:34:00,1,1,0,5.0cm
462,20,0,2,3.5%,365,100k,10.00,3.00,6.00,3.00,1015,9140,on,2024-12-10 10:52:00,1,0,0,5.0cm
463,20,0,2,0.2%,415,100k,10.00,3.00,6.00,3.00,1015,9140,on,2024-12-10 11:00:00,1,0,0,5.0cm
464,20,0,2,2.0%,465,100k,10.00,3.00,6.00,3.00,1015,9140,on,2024-12-10 11:05:00,1,0,0,5.0cm
465,20,0,2,2.0%,480,100k,10.00,3.00,6.00,3.00,1015,9140,on,2024-12-10 11:10:00,1,0,0,5.0cm
466,20,0,2,3.5%,365,100k,10.00,3.00,6.00,3.00,1015,9140,on,2024-12-10 13:03:00,1,0,0,5.0cm
467,20,0,2,0.2%,415,100k,10.00,3.00,6.00,3.00,1015,9140,on,2024-12-10 13:09:00,1,0,0,5.0cm
468,20,0,2,2.0%,465,100k,10.00,3.00,6.00,3.00,1015,9140,on,2024-12-10 13:13:00,1,0,0,5.0cm
469,20,0,2,2.0%,480,100k,10.00,3.00,6.00,3.00,1015,9140,on,2024-12-10 13:18:00,1,0,0,5.0cm
470,20,0,2,3.5%,365,100k,10.00,3.00,6.00,3.00,1015,9140,on,2024-12-10 13:46:00,1,1,0,5.0cm
471,20,0,2,0.2%,415,100k,10.00,3.00,6.00,3.00,1015,9140,on,2024-12-10 13:53:00,1,1,0,5.0cm
472,20,0,2,2.0%,465,100k,10.00,3.00,6.00,3.00,1015,9140,on,2024-12-10 13:58:00,1,1,0,5.0cm
473,20,0,2,2.0%,480,100k,10.00,3.00,6.00,3.00,1015,9140,on,2024-12-10 14:03:00,1,1,0,5.0cm
474,20,0,2,3.5%,365,100k,10.00,3.00,6.00,3.00,1015,9140,on,2024-12-10 14:38:00,1,0,0,5.0cm
475,20,0,2,0.2%,415,100k,10.00,3.00,6.00,3.00,1015,9140,on,2024-12-10 14:44:00,1,0,0,5.0cm
476,20,0,2,2.0%,465,100k,10.00,3.00,6.00,3.00,1015,9140,on,2024-12-10 14:49:00,1,0,0,5.0cm
477,20,0,2,2.0%,480,100k,10.00,3.00,6.00,3.00,1015,9140,on,2024-12-10 14:54:00,1,0,0,5.0cm
478,20,0,2,3.5%,365,100k,10.00,3.00,6.00,3.00,1015,9140,on,2024-12-10 15:18:00,1,1,0,5.0cm
479,20,0,2,0.2%,415,100k,10.00,3.00,6.00,3.00,1015,9140,on,2024-12-10 15:23:00,1,1,0,5.0cm
480,20,0,2,2.0%,465,100k,10.00,3.00,6.00,3.00,1015,9140,on,2024-12-10 15:29:00,1,1,0,5.0cm
481,20,0,2,2.0%,480,100k,10.00,3.00,6.00,3.00,1015,9140,on,2024-12-10 15:34:00,1,1,0,5.0cm
482,20,0,2,3.5%,365,100k,10.00,3.00,6.00,3.00,1015,9140,on,2024-12-10 15:54:00,1,0,0,5.0cm
483,20,0,2,0.2%,415,100k,10.00,3.00,6.00,3.00,1015,9140,on,2024-12-10 16:00:00,1,0,0,5.0cm
484,20,0,2,2.0%,465,100k,10.00,3.00,6.00,3.00,1015,9140,on,2024-12-10 16:05:00,1,0,0,5.0cm
485,20,0,2,2.0%,480,100k,10.00,3.00,6.00,3.00,1015,9140,on,2024-12-10 16:10:00,1,0,0,5.0cm
486,20,0,2,3.5%,365,100k,10.00,3.00,6.00,3.00,1015,9140,on,2024-12-10 16:30:00,1,1,0,5.0cm
487,20,0,2,0.2%,415,100k,10.00,3.00,6.00,3.00,1015,9140,on,2024-12-10 16:34:00,1,1,0,5.0cm
488,20,0,2,2.0%,465,100k,10.00,3.00,6.00,3.00,1015,9140,on,2024-12-10 16:41:00,1,1,0,5.0cm
489,20,0,2,2.0%,480,100k,10.00,3.00,6.00,3.00,1015,9140,on,2024-12-10 16:46:00,1,1,0,5.0cm
490,20,0,1,---%,---,100k,-----,----,----,----,1015,9140,on,2024-12-11 09:09:00,-,-,-,-----
491,20,0,1,3.5%,365,100k,10.00,3.00,6.00,3.00,1015,9140,on,2024-12-11 09:26:00,1,1,0,5.0cm
492,20,0,1,0.2%,415,100k,10.00,3.00,6.00,3.00,1015,9140,on,2024-12-11 09:32:00,1,1,0,5.0cm
493,20,0,1,2.0%,465,100k,10.00,3.00,6.00,3.00,1015,9140,on,2024-12-11 09:37:00,1,1,0,5.0cm
494,20,0,1,2.0%,480,100k,10.00,3.00,6.00,3.00,1015,9140,on,2024-12-11 09:46:00,1,1,0,5.0cm
495,20,0,1,3.5%,365,100k,10.00,3.00,6.00,3.00,1015,9140,on,2024-12-11 10:07:00,1,0,0,5.0cm
496,20,0,1,0.2%,415,100k,10.00,3.00,6.00,3.00,1015,9140,on,2024-12-11 10:12:00,1,0,0,5.0cm
497,20,0,1,2.0%,465,100k,10.00,3.00,6.00,3.00,1015,9140,on,2024-12-11 10:18:00,1,0,0,5.0cm
498,20,0,1,2.0%,480,100k,10.00,3.00,6.00,3.00,1015,9140,on,2024-12-11 10:23:00,1,0,0,5.0cm
499,20,0,1,3.5%,365,100k,10.00,3.00,6.00,3.00,1015,9140,on,2024-12-11 10:47:00,1,1,0,5.0cm
500,20,0,1,0.2%,415,100k,10.00,3.00,6.00,3.00,1015,9140,on,2024-12-11 10:53:00,1,1,0,5.0cm
501,20,0,1,2.0%,465,100k,10.00,3.00,6.00,3.00,1015,9140,on,2024-12-11 10:58:00,1,1,0,5.0cm
502,20,0,1,2.0%,480,100k,10.00,3.00,6.00,3.00,1015,9140,on,2024-12-11 11:04:00,1,1,0,5.0cm
503,20,0,1,3.5%,365,100k,10.00,3.00,6.00,3.00,1015,9140,on,2024-12-11 12:51:00,1,0,0,5.0cm
504,20,0,1,0.2%,415,100k,10.00,3.00,6.00,3.00,1015,9140,on,2024-12-11 12:56:00,1,0,0,5.0cm
505,20,0,1,2.0%,465,100k,10.00,3.00,6.00,3.00,1015,9140,on,2024-12-11 13:01:00,1,0,0,5.0cm
506,20,0,1,2.0%,480,100k,10.00,3.00,6.00,3.00,1015,9140,on,2024-12-11 13:06:00,1,0,0,5.0cm
507,20,0,1,3.5%,365,100k,10.00,3.00,6.00,3.00,1015,9140,on,2024-12-11 13:28:00,1,1,0,5.0cm
508,20,0,1,0.2%,415,100k,10.00,3.00,6.00,3.00,1015,9140,on,2024-12-11 13:38:00,1,1,0,5.0cm
509,20,0,1,2.0%,465,100k,10.00,3.00,6.00,3.00,1015,9140,on,2024-12-11 13:43:00,1,1,0,5.0cm
510,20,0,1,2.0%,480,100k,10.00,3.00,6.00,3.00,1015,9140,on,2024-12-11 13:49:00,1,1,0,5.0cm
511,20,0,1,---%,---,100k,-----,----,----,----,1015,9140,on,2024-12-11 14:08:00,-,-,-,-----
509,20,0,1,2.0%,465,100k,10.00,3.00,6.00,3.00,1015,9140,on,2024-12-11 13:43:00,1,1,0,5.0cm
510,20,0,1,2.0%,480,100k,10.00,3.00,6.00,3.00,1015,9140,on,2024-12-11 13:49:00,1,1,0,5.0cm
512,20,0,1,3.5%,365,100k,10.00,3.00,6.00,3.00,1015,9140,on,2024-12-11 14:34:00,1,0,0,5.0cm
513,20,0,1,0.2%,415,100k,10.00,3.00,6.00,3.00,1015,9140,on,2024-12-11 14:39:00,1,0,0,5.0cm
514,20,0,1,2.0%,465,100k,10.00,3.00,6.00,3.00,1015,9140,on,2024-12-11 14:44:00,1,0,0,5.0cm
515,20,0,1,2.0%,480,100k,10.00,3.00,6.00,3.00,1015,9140,on,2024-12-11 14:49:00,1,0,0,5.0cm
516,20,0,1,3.5%,365,100k,10.00,3.00,6.00,3.00,1015,9140,on,2024-12-11 14:55:00,1,0,0,5.0cm
517,20,0,1,3.5%,365,100k,10.00,3.00,6.00,3.00,1015,9140,on,2024-12-11 15:20:00,1,1,0,5.0cm
518,20,0,1,0.2%,415,100k,10.00,3.00,6.00,3.00,1015,9140,on,2024-12-11 15:25:00,1,1,0,5.0cm
519,20,0,1,2.0%,465,100k,10.00,3.00,6.00,3.00,1015,9140,on,2024-12-11 15:31:00,1,1,0,5.0cm
520,20,0,1,2.0%,480,100k,10.00,3.00,6.00,3.00,1015,9140,on,2024-12-11 15:36:00,1,1,0,5.0cm
521,20,0,1,3.5%,365,100k,10.00,3.00,6.00,3.00,1015,9140,on,2024-12-11 15:54:00,1,0,0,5.0cm
522,20,0,1,0.2%,415,100k,10.00,3.00,6.00,3.00,1015,9140,on,2024-12-11 16:00:00,1,0,0,5.0cm
523,20,0,1,2.0%,465,100k,10.00,3.00,6.00,3.00,1015,9140,on,2024-12-11 16:05:00,1,0,0,5.0cm
524,20,0,1,2.0%,480,100k,10.00,3.00,6.00,3.00,1015,9140,on,2024-12-11 16:10:00,1,0,0,5.0cm
525,20,0,1,3.5%,365,100k,10.00,3.00,6.00,3.00,1015,9140,on,2024-12-11 16:41:00,1,0,0,4.0cm
526,20,0,1,0.2%,415,100k,10.00,3.00,6.00,3.00,1015,9140,on,2024-12-11 16:47:00,1,0,0,4.0cm
527,20,0,1,2.0%,465,100k,10.00,3.00,6.00,3.00,1015,9140,on,2024-12-11 16:52:00,1,0,0,4.0cm
528,20,0,1,2.0%,480,100k,10.00,3.00,6.00,3.00,1015,9140,on,2024-12-11 16:59:00,1,0,0,4.0cm
529,20,0,1,---%,---,100k,-----,----,----,----,1015,9140,on,2024-12-12 09:14:00,-,-,-,-----
530,20,0,1,3.5%,365,100k,10.00,3.00,6.00,3.00,1015,9140,on,2024-12-12 09:19:00,1,0,0,4.0cm
531,20,0,1,3.5%,365,100k,10.00,3.00,6.00,3.00,1015,9140,on,2024-12-12 09:44:00,1,1,0,4.0cm
532,20,0,1,0.2%,415,100k,10.00,3.00,6.00,3.00,1015,9140,on,2024-12-12 09:49:00,1,1,0,4.0cm
533,20,0,1,2.0%,465,100k,10.00,3.00,6.00,3.00,1015,9140,on,2024-12-12 09:54:00,1,1,0,4.0cm
534,20,0,1,2.0%,480,100k,10.00,3.00,6.00,3.00,1015,9140,on,2024-12-12 10:00:00,1,1,0,4.0cm
535,20,0,1,3.5%,365,100k,10.00,3.00,6.00,3.00,1015,9140,on,2024-12-12 10:22:00,1,1,0,3.0cm
536,20,0,1,0.2%,415,100k,10.00,3.00,6.00,3.00,1015,9140,on,2024-12-12 10:30:00,1,1,0,3.0cm
537,20,0,1,2.0%,465,100k,10.00,3.00,6.00,3.00,1015,9140,on,2024-12-12 10:39:00,1,1,0,3.0cm
538,20,0,1,2.0%,465,100k,10.00,3.00,6.00,3.00,1015,9140,on,2024-12-12 10:45:00,1,1,0,3.0cm
539,20,0,1,2.0%,480,100k,10.00,3.00,6.00,3.00,1015,9140,on,2024-12-12 10:51:00,1,1,0,3.0cm
540,20,0,1,3.5%,365,100k,10.00,3.00,6.00,3.00,1015,9140,on,2024-12-12 11:28:00,1,0,0,3.0cm
541,20,0,1,0.2%,415,100k,10.00,3.00,6.00,3.00,1015,9140,on,2024-12-12 11:34:00,1,0,0,3.0cm
542,20,0,1,2.0%,465,100k,10.00,3.00,6.00,3.00,1015,9140,on,2024-12-12 11:39:00,1,0,0,3.0cm
543,20,0,1,2.0%,480,100k,10.00,3.00,6.00,3.00,1015,9140,on,2024-12-12 11:43:00,1,0,0,3.0cm
544,20,0,1,2.0%,480,100k,10.00,3.00,6.00,3.00,1015,9140,on,2024-12-12 11:54:00,1,0,0,3.0cm
545,20,0,1,2.0%,480,100k,10.00,3.00,6.00,3.00,1015,9140,on,2024-12-12 13:34:00,1,1,0,3.0cm
546,20,0,1,2.0%,465,100k,10.00,3.00,6.00,3.00,1015,9140,on,2024-12-12 13:42:00,1,1,0,3.0cm
547,20,0,1,0.2%,415,100k,10.00,3.00,6.00,3.00,1015,9140,on,2024-12-12 13:48:00,1,1,0,3.0cm
548,20,0,1,3.5%,365,100k,10.00,3.00,6.00,3.00,1015,9140,on,2024-12-12 13:54:00,1,1,0,3.0cm
549,20,0,1,3.5%,365,100k,10.00,3.00,6.00,3.00,1015,9140,on,2024-12-12 14:19:00,1,1,0,4.5cm
550,20,0,1,3.5%,365,100k,10.00,3.00,6.00,3.00,1015,9140,on,2024-12-12 14:24:00,1,1,0,4.5cm
551,20,0,1,3.5%,365,100k,10.00,3.00,6.00,3.00,1015,9140,on,2024-12-12 14:40:00,1,1,0,2.0cm
552,20,0,1,0.2%,415,100k,10.00,3.00,6.00,3.00,1015,9140,on,2024-12-12 14:46:00,1,1,0,2.0cm
553,20,0,1,2.0%,465,100k,10.00,3.00,6.00,3.00,1015,9140,on,2024-12-12 14:54:00,1,1,0,2.0cm
554,20,0,1,2.0%,480,100k,10.00,3.00,6.00,3.00,1015,9140,on,2024-12-12 15:00:00,1,1,0,2.0cm
555,20,0,1,3.5%,365,100k,10.00,3.00,6.00,3.00,1015,9140,on,2024-12-12 15:20:00,1,0,0,2.0cm
556,20,0,1,0.2%,415,100k,10.00,3.00,6.00,3.00,1015,9140,on,2024-12-12 15:25:00,1,0,0,2.0cm
557,20,0,1,2.0%,465,100k,10.00,3.00,6.00,3.00,1015,9140,on,2024-12-12 15:31:00,1,0,0,2.0cm
558,20,0,1,2.0%,480,100k,10.00,3.00,6.00,3.00,1015,9140,on,2024-12-12 15:37:00,1,0,0,2.0cm
559,20,0,1,---%,---,100k,-----,----,----,----,1064,9140,on,2024-12-12 15:46:00,-,-,-,18.4
